datetime,open,high,low,close,volume,symbol
2026-03-13 15:59:00,250.27,250.37,249.52,250.11501,1919741,AAPL
2026-03-13 15:58:00,250.175,250.3,250.070007,250.27,491022,AAPL
2026-03-13 15:57:00,250.32001,250.44,250.13,250.16,292118,AAPL
2026-03-13 15:56:00,250.33,250.38989,250.25,250.315,226224,AAPL
2026-03-13 15:55:00,250.52,250.53,250.24001,250.35001,273225,AAPL
2026-03-13 15:54:00,250.46001,250.62,250.21001,250.55,263415,AAPL
2026-03-13 15:53:00,250.57001,250.59,250.34,250.45,219666,AAPL
2026-03-13 15:52:00,250.49001,250.6,250.33,250.5744,150962,AAPL
2026-03-13 15:51:00,250.38,250.45,250.27,250.45,140515,AAPL
2026-03-13 15:50:00,250.31,250.53999,250.10001,250.3499,432050,AAPL
2026-03-13 15:49:00,250.22,250.3299,250.1378,250.315,97289,AAPL
2026-03-13 15:48:00,250.16499,250.23,250.1001,250.215,90154,AAPL
2026-03-13 15:47:00,249.9601,250.18,249.9601,250.17,74010,AAPL
2026-03-13 15:46:00,250.0,250.11,249.94009,249.99001,56192,AAPL
2026-03-13 15:45:00,250.029999,250.295,249.97,249.99001,137170,AAPL
2026-03-13 15:44:00,249.89999,250.039993,249.89999,250.039993,92154,AAPL
2026-03-13 15:43:00,249.96001,249.99001,249.8801,249.907,58623,AAPL
2026-03-13 15:42:00,249.95,250.0,249.86,249.99001,75801,AAPL
2026-03-13 15:41:00,249.99001,250.025208,249.935,249.97,86413,AAPL
2026-03-13 15:40:00,250.095001,250.1799,249.92,249.97501,320886,AAPL
2026-03-13 15:39:00,250.17999,250.18,250.039993,250.080093,80626,AAPL
2026-03-13 15:38:00,250.22,250.22,250.12,250.14999,100629,AAPL
2026-03-13 15:37:00,250.27,250.3,250.2,250.22501,70975,AAPL
2026-03-13 15:36:00,250.22,250.285,250.17,250.265,64905,AAPL
2026-03-13 15:35:00,250.325,250.3399,250.1701,250.2308,92683,AAPL
2026-03-13 15:34:00,250.28999,250.36,250.25,250.3,77198,AAPL
2026-03-13 15:33:00,250.3,250.32001,250.2,250.3,81353,AAPL
2026-03-13 15:32:00,250.37,250.375,250.13,250.28999,110266,AAPL
2026-03-13 15:31:00,250.5,250.50999,250.33,250.35001,85111,AAPL
2026-03-13 15:30:00,250.28,250.4899,250.265,250.4899,106098,AAPL
2026-03-13 15:29:00,250.40401,250.47,250.25,250.295,65076,AAPL
2026-03-13 15:28:00,250.41,250.44991,250.21,250.44,116730,AAPL
2026-03-13 15:27:00,250.485,250.57,250.36,250.39,79309,AAPL
2026-03-13 15:26:00,250.49001,250.655,250.46001,250.46001,71450,AAPL
2026-03-13 15:25:00,250.63,250.65021,250.489,250.49001,46692,AAPL
2026-03-13 15:24:00,250.455,250.6796,250.44031,250.64999,45050,AAPL
2026-03-13 15:23:00,250.55,250.64,250.46001,250.46001,56519,AAPL
2026-03-13 15:22:00,250.50999,250.59,250.425,250.55,61242,AAPL
2026-03-13 15:21:00,250.64,250.64,250.42,250.50999,70342,AAPL
2026-03-13 15:20:00,250.83,250.855,250.59,250.64,207937,AAPL
2026-03-13 15:19:00,250.8401,250.885,250.72501,250.815,54985,AAPL
2026-03-13 15:18:00,250.95,250.95,250.78,250.84,42426,AAPL
2026-03-13 15:17:00,250.78999,251.01,250.78999,250.92999,82890,AAPL
2026-03-13 15:16:00,250.9948,251.03,250.77991,250.78,41525,AAPL
2026-03-13 15:15:00,250.92999,250.99001,250.92,250.98,37508,AAPL
2026-03-13 15:14:00,251.0,251.020004,250.875,250.925,36673,AAPL
2026-03-13 15:13:00,251.0099945,251.036102,250.92,251.00019836,52146,AAPL
2026-03-13 15:12:00,251.12,251.16,251.010193,251.010193,45241,AAPL
2026-03-13 15:11:00,251.080002,251.17999,251.0,251.12,62536,AAPL
2026-03-13 15:10:00,251.070007,251.1702,250.99,251.050095,71759,AAPL
2026-03-13 15:59:00,395.54001,395.72,395.36499,395.60999,407465,MSFT
2026-03-13 15:58:00,395.48001,395.55,395.35,395.54001,204931,MSFT
2026-03-13 15:57:00,395.55499,395.76001,395.43,395.48001,135890,MSFT
2026-03-13 15:56:00,395.51001,395.58,395.41,395.5575,127039,MSFT
2026-03-13 15:55:00,395.01001,395.53,394.91,395.52499,135025,MSFT
2026-03-13 15:54:00,395.48001,395.67999,394.25,394.98001,129363,MSFT
2026-03-13 15:53:00,395.42001,395.48999,395.29999,395.45999,69164,MSFT
2026-03-13 15:52:00,395.39999,395.48999,395.20999,395.47,83345,MSFT
2026-03-13 15:51:00,395.14001,395.41989,395.070007,395.38,84140,MSFT
2026-03-13 15:50:00,394.95001,395.48001,394.85999,395.12,85377,MSFT
2026-03-13 15:49:00,395.0050049,395.14999,394.76999,394.9299,86384,MSFT
2026-03-13 15:48:00,395.015015,395.1601,394.89001,395.029999,53025,MSFT
2026-03-13 15:47:00,394.61499,395.022705,394.6102,395.0,67275,MSFT
2026-03-13 15:46:00,394.82001,394.88,394.37,394.64001,143736,MSFT
2026-03-13 15:45:00,394.88,395.049988,394.69009,394.82001,90881,MSFT
2026-03-13 15:44:00,394.78,394.88,394.72571,394.87,51274,MSFT
2026-03-13 15:43:00,394.78,394.84,394.73001,394.78,50389,MSFT
2026-03-13 15:42:00,394.95999,394.97,394.76999,394.79001,90505,MSFT
2026-03-13 15:41:00,394.79999,394.98999,394.755,394.94,59322,MSFT
2026-03-13 15:40:00,394.95001,394.98001,394.7,394.79001,51490,MSFT
2026-03-13 15:39:00,394.82001,394.99,394.78,394.95081,49379,MSFT
2026-03-13 15:38:00,394.88,394.89,394.73999,394.82001,59991,MSFT
2026-03-13 15:37:00,395.019989,395.049988,394.8501,394.88,58750,MSFT
2026-03-13 15:36:00,395.019989,395.039886,394.88,395.01001,42598,MSFT
2026-03-13 15:35:00,395.029999,395.10999,394.91,395.019989,48271,MSFT
2026-03-13 15:34:00,394.88,395.2,394.85999,395.054993,40184,MSFT
2026-03-13 15:33:00,394.92999,394.98001,394.76999,394.87631,46465,MSFT
2026-03-13 15:32:00,394.98999,395.040009,394.84009,394.92001,42351,MSFT
2026-03-13 15:31:00,395.14999,395.18,394.92,394.9801,57501,MSFT
2026-03-13 15:30:00,394.57251,395.17001,394.57251,395.14001,111179,MSFT
2026-03-13 15:29:00,394.76001,394.7999,394.51,394.59,76508,MSFT
2026-03-13 15:28:00,394.85629,394.91,394.75,394.75,54897,MSFT
2026-03-13 15:27:00,394.75,394.88,394.70999,394.88,65923,MSFT
2026-03-13 15:26:00,394.7099,394.87991,394.63,394.75009,42891,MSFT
2026-03-13 15:25:00,394.95999,395.0,394.57001,394.69501,63409,MSFT
2026-03-13 15:24:00,394.84,394.98001,394.72,394.94,70215,MSFT
2026-03-13 15:23:00,394.78,394.94,394.76999,394.87,88390,MSFT
2026-03-13 15:22:00,395.040009,395.089996,394.75,394.76999,56676,MSFT
2026-03-13 15:21:00,394.98999,395.13,394.85001,395.049988,56901,MSFT
2026-03-13 15:20:00,395.26999,395.29999,394.98001,394.98999,50831,MSFT
2026-03-13 15:19:00,395.5,395.54999,395.26,395.28,36834,MSFT
2026-03-13 15:18:00,395.39999,395.4805,395.2,395.4805,29641,MSFT
2026-03-13 15:17:00,395.45499,395.52,395.34,395.37,65381,MSFT
2026-03-13 15:16:00,395.63,395.70499,395.44,395.44,33280,MSFT
2026-03-13 15:15:00,395.26999,395.68991,395.26999,395.64499,36611,MSFT
2026-03-13 15:14:00,395.20999,395.31,395.14999,395.26999,49830,MSFT
2026-03-13 15:13:00,395.14001,395.26001,395.1,395.19501,28805,MSFT
2026-03-13 15:12:00,395.17001,395.25,395.1,395.12,31806,MSFT
2026-03-13 15:11:00,395.26001,395.3587,395.13501,395.17749,27020,MSFT
2026-03-13 15:10:00,395.28,395.35001,395.11011,395.26001,37619,MSFT
2026-03-13 15:59:00,302.29999,302.36,302.16,302.22,440557,GOOGL
2026-03-13 15:58:00,302.23001,302.31,302.12,302.29001,189639,GOOGL
2026-03-13 15:57:00,302.23999,302.51001,302.16,302.22501,188020,GOOGL
2026-03-13 15:56:00,302.10999,302.31,301.95001,302.23001,377490,GOOGL
2026-03-13 15:55:00,302.10999,302.16,301.92999,302.11499,157333,GOOGL
2026-03-13 15:54:00,301.73999,302.285,301.73001,302.089996,146481,GOOGL
2026-03-13 15:53:00,301.79999,301.92001,301.67999,301.73001,95677,GOOGL
2026-03-13 15:52:00,301.84,301.88,301.7,301.785,77851,GOOGL
2026-03-13 15:51:00,301.53,301.94,301.47,301.84,91621,GOOGL
2026-03-13 15:50:00,301.60999,301.79001,301.51999,301.51999,76340,GOOGL
2026-03-13 15:49:00,301.59,301.65,301.48001,301.57999,55568,GOOGL
2026-03-13 15:48:00,301.48999,301.60001,301.38,301.60001,49527,GOOGL
2026-03-13 15:47:00,301.30969,301.54,301.30499,301.48999,59642,GOOGL
2026-03-13 15:46:00,301.28,301.38501,301.26999,301.30499,35754,GOOGL
2026-03-13 15:45:00,301.32001,301.42499,301.185,301.26999,65449,GOOGL
2026-03-13 15:44:00,301.12,301.305,301.10999,301.29001,37872,GOOGL
2026-03-13 15:43:00,301.10999,301.16,300.95999,301.13,48185,GOOGL
2026-03-13 15:42:00,301.040009,301.13,300.95999,301.12,75335,GOOGL
2026-03-13 15:41:00,301.019989,301.13,300.95001,301.049988,30564,GOOGL
2026-03-13 15:40:00,301.32999,301.33,301.0,301.029999,91096,GOOGL
2026-03-13 15:39:00,301.32999,301.36,301.26001,301.32001,65590,GOOGL
2026-03-13 15:38:00,301.57001,301.57001,301.285,301.29001,54392,GOOGL
2026-03-13 15:37:00,301.57999,301.64001,301.565,301.565,29993,GOOGL
2026-03-13 15:36:00,301.5723,301.6,301.48001,301.59,29149,GOOGL
2026-03-13 15:35:00,301.5,301.58,301.44,301.56,46455,GOOGL
2026-03-13 15:34:00,301.38101,301.54999,301.35999,301.51001,38375,GOOGL
2026-03-13 15:33:00,301.45999,301.5,301.31,301.35001,27963,GOOGL
2026-03-13 15:32:00,301.63,301.63,301.45001,301.45001,33460,GOOGL
2026-03-13 15:31:00,301.57001,301.67999,301.57001,301.60999,29978,GOOGL
2026-03-13 15:30:00,301.44,301.58,301.39001,301.55499,61146,GOOGL
2026-03-13 15:29:00,301.47,301.47,301.32001,301.44,36768,GOOGL
2026-03-13 15:28:00,301.45999,301.4903,301.39,301.4903,25916,GOOGL
2026-03-13 15:27:00,301.28,301.42001,301.20001,301.42001,32152,GOOGL
2026-03-13 15:26:00,301.29001,301.36,301.17999,301.31,44957,GOOGL
2026-03-13 15:25:00,301.45001,301.48999,301.089996,301.28,83274,GOOGL
2026-03-13 15:24:00,301.48999,301.60001,301.42999,301.45999,26602,GOOGL
2026-03-13 15:23:00,301.48001,301.60001,301.35999,301.5242,41977,GOOGL
2026-03-13 15:22:00,301.59,301.59,301.39999,301.5,47459,GOOGL
2026-03-13 15:21:00,301.6825,301.70001,301.45999,301.57001,48000,GOOGL
2026-03-13 15:20:00,301.92001,301.92001,301.67999,301.67999,33872,GOOGL
2026-03-13 15:19:00,301.98001,302.049988,301.89,301.94,31466,GOOGL
2026-03-13 15:18:00,302.054993,302.10001,301.92999,301.98001,33938,GOOGL
2026-03-13 15:17:00,301.92999,302.16,301.92999,302.085114,59029,GOOGL
2026-03-13 15:16:00,302.14001,302.14001,301.93011,301.93011,38820,GOOGL
2026-03-13 15:15:00,302.01001,302.19989,302.01,302.1322,25695,GOOGL
2026-03-13 15:14:00,302.10999,302.10999,301.97,302.01001,27545,GOOGL
2026-03-13 15:13:00,302.0,302.19,302.0,302.10001,22425,GOOGL
2026-03-13 15:12:00,302.070007,302.079987,301.95001,301.97,41271,GOOGL
2026-03-13 15:11:00,302.10999,302.17,302.019989,302.075012,22341,GOOGL
2026-03-13 15:10:00,302.0,302.14999,301.95999,302.125,30070,GOOGL
2026-03-13 15:59:00,207.7,207.74,207.57001,207.71001,510860,AMZN
2026-03-13 15:58:00,207.61501,207.7,207.57,207.69501,289268,AMZN
2026-03-13 15:57:00,207.61,207.7,207.55,207.62,271038,AMZN
2026-03-13 15:56:00,207.69,207.7,207.50999,207.605,214522,AMZN
2026-03-13 15:55:00,207.63,207.79,207.5,207.72,272541,AMZN
2026-03-13 15:54:00,207.75,207.95,207.39999,207.67,261412,AMZN
2026-03-13 15:53:00,207.82001,207.97,207.72,207.74001,121719,AMZN
2026-03-13 15:52:00,207.82001,207.91499,207.755,207.83,190608,AMZN
2026-03-13 15:51:00,207.66,207.85001,207.60001,207.82001,347579,AMZN
2026-03-13 15:50:00,207.83,207.88,207.655,207.655,160920,AMZN
2026-03-13 15:49:00,207.85001,207.9,207.755,207.845,99176,AMZN
2026-03-13 15:48:00,207.83,207.86,207.72,207.86,88054,AMZN
2026-03-13 15:47:00,207.6375,207.86501,207.61,207.85001,150685,AMZN
2026-03-13 15:46:00,207.88499,207.93,207.635,207.645,113971,AMZN
2026-03-13 15:45:00,208.039993,208.13,207.875,207.895,92047,AMZN
2026-03-13 15:44:00,207.9305,208.059998,207.895,208.050003,110618,AMZN
2026-03-13 15:43:00,207.96001,208.0099945,207.88,207.94501,70882,AMZN
2026-03-13 15:42:00,207.97,208.0,207.875,207.96989,68646,AMZN
2026-03-13 15:41:00,207.94,207.9776,207.84,207.965,46770,AMZN
2026-03-13 15:40:00,208.12,208.16,207.89,207.95,94438,AMZN
2026-03-13 15:39:00,208.17,208.18,208.029999,208.13,101819,AMZN
2026-03-13 15:38:00,208.3401,208.3401,208.14,208.1657,65802,AMZN
2026-03-13 15:37:00,208.48,208.495,208.28999,208.36,77286,AMZN
2026-03-13 15:36:00,208.46001,208.5,208.41,208.48,62139,AMZN
2026-03-13 15:35:00,208.25999,208.47,208.14999,208.46001,94126,AMZN
2026-03-13 15:34:00,208.38,208.49001,208.2001,208.24001,112022,AMZN
2026-03-13 15:33:00,208.31799,208.42,208.3,208.38,112412,AMZN
2026-03-13 15:32:00,208.14999,208.33,208.029999,208.3,90821,AMZN
2026-03-13 15:31:00,208.24001,208.28,208.13,208.14999,64347,AMZN
2026-03-13 15:30:00,208.13,208.28,208.13,208.24001,73972,AMZN
2026-03-13 15:29:00,208.42999,208.44,208.05,208.12,95394,AMZN
2026-03-13 15:28:00,208.41701,208.49001,208.33,208.4062,78694,AMZN
2026-03-13 15:27:00,208.215,208.38,208.21,208.34,106111,AMZN
2026-03-13 15:26:00,208.11,208.28999,208.04,208.22,111244,AMZN
2026-03-13 15:25:00,208.095001,208.145,208.059998,208.10001,79398,AMZN
2026-03-13 15:24:00,207.91499,208.14,207.91499,208.10001,76315,AMZN
2026-03-13 15:23:00,207.71001,207.94,207.71001,207.92,47800,AMZN
2026-03-13 15:22:00,207.8,207.81,207.71359,207.72,30774,AMZN
2026-03-13 15:21:00,207.81,207.8499,207.69009,207.78799,63486,AMZN
2026-03-13 15:20:00,208.080002,208.1,207.78999,207.81,44073,AMZN
2026-03-13 15:19:00,208.17999,208.23,208.089996,208.089996,55734,AMZN
2026-03-13 15:18:00,208.039993,208.17,207.97009,208.16,35192,AMZN
2026-03-13 15:17:00,207.95,208.070007,207.925,208.035004,64818,AMZN
2026-03-13 15:16:00,208.039993,208.07,207.94,207.96001,44706,AMZN
2026-03-13 15:15:00,207.92999,208.11,207.92999,208.039993,66617,AMZN
2026-03-13 15:14:00,207.89999,207.92,207.8,207.92,35738,AMZN
2026-03-13 15:13:00,207.86,207.95,207.84,207.89999,56802,AMZN
2026-03-13 15:12:00,207.99001,208.0,207.85,207.85001,42472,AMZN
2026-03-13 15:11:00,208.029999,208.050003,207.95,207.98,23675,AMZN
2026-03-13 15:10:00,207.92,208.039993,207.875,208.030106,41650,AMZN
